{
    "sensitivity": 15.0,
    "username": "Perqulator",
    "masterVolume": 0.01845874823629856,
    "musicVolume": 0.2027760148048401
}