{
    "sensitivity": 15.0,
    "username": "Perqulator",
    "masterVolume": 0.1729375571012497,
    "musicVolume": 0.2027760148048401
}