{
    "sensitivity": 15.0,
    "username": "Perqulator",
    "masterVolume": 0.10456463694572449,
    "musicVolume": 0.015122822485864163
}