{
    "sensitivity": 10.0,
    "username": "User",
    "masterVolume": 0.125065878033638,
    "musicVolume": 0.5125160217285156
}