{
    "sensitivity": 15.0,
    "username": "Perqulator",
    "masterVolume": 0.11013734340667725,
    "musicVolume": 0.10585913062095642
}