{
    "sensitivity": 10.0,
    "username": "Ass",
    "masterVolume": 0.11013734340667725,
    "musicVolume": 0.5125160217285156
}