{
    "sensitivity": 23.0,
    "username": "Perqulator",
    "masterVolume": 0.11744829267263413,
    "musicVolume": 0.11497484147548676
}