{
    "sensitivity": 10.0,
    "username": "Perqulator",
    "masterVolume": 0.11013734340667725,
    "musicVolume": 0.00985565222799778
}